Workbook

Sheet Premissas
A1: Unificação Matriz + Filial | LP consolidado para dashboard
A3: Matriz | faturamento de saída | B3: 100000 | D3: Créditos de transição
A4: Matriz | base de compras da simulação | B4: 80000 | D4: Crédito total ICMS estoque | E4: =B22*B23 -> 210164.43
A5: Matriz | alíquota ICMS saída | B5: 0.22 | D5: Crédito mensal ICMS estoque | E5: =E4/B26 -> 35027.405
A6: Matriz | crédito efetivo histórico compras | B6: 0.098117121 | D6: Crédito total PIS estoque | E6: =B22*B24 -> 15178.542
A7: Filial | faturamento cenário 1 | B7: 200000 | D7: Crédito mensal PIS estoque | E7: =E6/B27 -> 1264.8785
A8: Filial | faturamento cenário 2 | B8: 250000 | D8: Crédito total Cofins estoque | E8: =B22*B25 -> 70054.81
A9: Filial | faturamento cenário 3 | B9: 300000 | D9: Crédito mensal Cofins estoque | E9: =E8/B27 -> 5837.9008
A10: Filial | compra p industrialização | B10: 0.15 | D10: Crédito mensal federal total | E10: =SUM(G5,E7,E9) -> 7102.7793
A11: Filial | despesa média mensal | B11: 280000
A12: Filial | ICMS benefício | B12: 0.03
A13: LP | PIS | B13: 0.0065
A14: LP | Cofins | B14: 0.03
A15: LP | IPI sobre saída de móveis | B15: 0.0325
A16: LP | base presumida IRPJ | B16: 0.08
A17: LP | base presumida CSLL | B17: 0.12
A18: LP | alíquota IRPJ | B18: 0.15
A19: LP | adicional IRPJ | B19: 0.1
A20: LP | limite mensal adicional IRPJ | B20: 20000
A21: LP | alíquota CSLL | B21: 0.09
A22: Estoque atual | B22: 2335160.3
... A27: Meses de apropriação do crédito PIS E COFINS | B27: 12

Sheet Matriz_ICMS
A1: Matriz | ICMS próprio e crédito mensal do estoque
A3: Linha | B3: Valor | C3: Obs | D3: Fonte
A4: Faturamento de saída | B4: =Premissas!B3 -> 100000 | C4: Matriz da planilha de revenda
A5: ICMS débito da saída | B5: =B4*Premissas!B5 -> 22000 | C5: 22% sobre a saída
A6: ICMS crédito histórico das compras | B6: =Premissas!B4*Premissas!B6 -> 7849.3697 | C6: Base compras x crédito histórico
A7: ICMS líquido antes do crédito do estoque | B7: =B5-B6 -> 14150.63
A8: Crédito mensal ICMS do estoque | B8: =Premissas!E5 -> 35027.405 | C8: Fica na matriz
A9: ICMS líquido final da matriz | B9: =MAX(0,B7-B8) -> 0 | C9: Após abatimento mensal do estoque
A10: Saldo mensal de crédito ICMS não usado | B10: =MAX(0,B8-B7) -> 20876.774 | C10: Crédito que sobra no mês

Sheet Filial_LP
A1: Filial nova no benefício | ICMS sem crédito de estoque na filial
A3: Linha | B3: 200 mil | C3: 250 mil | D3: 300 mil | E3: Obs
A4: Faturamento de saída | B4: =Premissas!B7 -> 200000 | C4: =Premissas!B8 -> 250000 | D4: =Premissas!B9 -> 300000
A5: Compra p industrialização | B5: =B4*Premissas!B10 -> 30000 | C5: =C4*Premissas!B10 -> 37500 | D5: =D4*Premissas!B10 -> 45000 | E5: 15% da saída
A6: Despesa média mensal | B6: =Premissas!B11 -> 280000 | C6: =Premissas!B11 -> 280000 | D6: =Premissas!B11 -> 280000
A7: ICMS benefício 3% | B7: =B4*Premissas!B12 -> 6000 | C7: =C4*Premissas!B12 -> 7500 | D7: =D4*Premissas!B12 -> 9000
A8: PIS bruto | B8: =B4*Premissas!B13 -> 1300 | C8: =C4*Premissas!B13 -> 1625 | D8: =D4*Premissas!B13 -> 1950
A9: Cofins bruta | B9: =B4*Premissas!B14 -> 6000 | C9: =C4*Premissas!B14 -> 7500 | D9: =D4*Premissas!B14 -> 9000
A10: IPI 3,25% | B10: =B4*Premissas!B15 -> 6500 | C10: =C4*Premissas!B15 -> 8125 | D10: =D4*Premissas!B15 -> 9750
A11: IRPJ filial isolado apenas referência | B11: =B4*Premissas!B16*Premissas!B18+MAX(0,B4*Premissas!B16-Premissas!B20)*Premissas!B19 -> 2400 | C11: =C4*Premissas!B16*Premissas!B18+MAX(0,C4*Premissas!B16-Premissas!B20)*Premissas!B19 -> 3000 | D11: =D4*Premissas!B16*Premissas!B18+MAX(0,D4*Premissas!B16-Premissas!B20)*Premissas!B19 -> 4000 | E11: Só referência. Federal consolida em outra aba
A12: CSLL filial isolada apenas referência | B12: =B4*Premissas!B17*Premissas!B21 -> 2160 | C12: =C4*Premissas!B17*Premissas!B21 -> 2700 | D12: =D4*Premissas!B17*Premissas!B21 -> 3240 | E12: Só referência. Federal consolida em outra aba

Sheet Federal_Consolidado
A1: Federal consolidado | Matriz + Filial
A3: Linha | B3: 200 mil | C3: 250 mil | D3: 300 mil | E3: Obs | F3: Fonte
A4: Receita total matriz + filial | B4: =Premissas!B3+Premissas!B7 -> 300000 | C4: =Premissas!B3+Premissas!B8 -> 350000 | D4: =Premissas!B3+Premissas!B9 -> 400000 | E4: Matriz 100 mil + filial cenário
A5: PIS bruto consolidado | B5: =B4*Premissas!B13 -> 1950 | C5: =C4*Premissas!B13 -> 2275 | D5: =D4*Premissas!B13 -> 2600
A6: Crédito mensal PIS do estoque | B6: =Premissas!E7 -> 1264.8785 | C6: =Premissas!E7 -> 1264.8785 | D6: =Premissas!E7 -> 1264.8785 | E6: Abate no federal consolidado
A7: PIS líquido consolidado | B7: =MAX(0,B5-B6) -> 685.12149 | C7: =MAX(0,C5-C6) -> 1010.1215 | D7: =MAX(0,D5-D6) -> 1335.1215
A8: Cofins bruta consolidada | B8: =B4*Premissas!B14 -> 9000 | C8: =C4*Premissas!B14 -> 10500 | D8: =D4*Premissas!B14 -> 12000
A9: Crédito mensal Cofins do estoque | B9: =Premissas!E9 -> 5837.9008 | C9: =Premissas!E9 -> 5837.9008 | D9: =Premissas!E9 -> 5837.9008 | E9: Abate no federal consolidado
A10: Cofins líquida consolidada | B10: =MAX(0,B8-B9) -> 3162.0992 | C10: =MAX(0,C8-C9) -> 4662.0992 | D10: =MAX(0,D8-D9) -> 6162.0992
A11: Base IRPJ consolidada | B11: =B4*Premissas!B16 -> 24000 | C11: =C4*Premissas!B16 -> 28000 | D11: =D4*Premissas!B16 -> 32000 | E11: Federal apurado junto
A12: IRPJ consolidado | B12: =B11*Premissas!B18+MAX(0,B11-Premissas!B20)*Premissas!B19 -> 4000 | C12: =C11*Premissas!B18+MAX(0,C11-Premissas!B20)*Premissas!B19 -> 5000 | D12: =D11*Premissas!B18+MAX(0,D11-Premissas!B20)*Premissas!B19 -> 6000
A13: Base CSLL consolidada | B13: =B4*Premissas!B17 -> 36000 | C13: =C4*Premissas!B17 -> 42000 | D13: =D4*Premissas!B17 -> 48000
A14: CSLL consolidada | B14: =B13*Premissas!B21 -> 3240 | C14: =C13*Premissas!B21 -> 3780 | D14: =D13*Premissas!B21 -> 4320
A15: IPI da filial | B15: =Filial_LP!B10 -> 6500 | C15: =Filial_LP!C10 -> 8125 | D15: =Filial_LP!D10 -> 9750 | E15: IPI permanece na filial
A16: Total federal líquido consolidado | B16: =SUM(B7,B10,B12,B14,B15) -> 17587.221 | C16: =SUM(C7,C10,C12,C14,C15) -> 22577.221 | D16: =SUM(D7,D10,D12,D14,D15) -> 27567.221

Sheet Dashboard
A1: Dashboard consolidado | Matriz + Filial + Federal
A3: Linha | B3: 200 mil | C3: 250 mil | D3: 300 mil | E3: Obs | F3: Leitura
A4: ICMS matriz líquido | B4: =Matriz_ICMS!B9 -> 0 | C4: =Matriz_ICMS!B9 -> 0 | D4: =Matriz_ICMS!B9 -> 0 | E4: Mesmo cenário, matriz fixa em 100 mil | F4: ICMS do estoque fica somente na matriz
A5: ICMS filial benefício | B5: =Filial_LP!B7 -> 6000 | C5: =Filial_LP!C7 -> 7500 | D5: =Filial_LP!D7 -> 9000 | F5: ICMS da filial não usa o crédito do estoque
A6: Federal líquido consolidado | B6: =Federal_Consolidado!B16 -> 17587.221 | C6: =Federal_Consolidado!C16 -> 22577.221 | D6: =Federal_Consolidado!D16 -> 27567.221 | F6: Federal já sai consolidado
A7: Carga tributária total | B7: =SUM(B4:B6) -> 23587.221 | C7: =SUM(C4:C6) -> 30077.221 | D7: =SUM(D4:D6) -> 36567.221 | F7: Carga total pronta p dashboard
A8: Receita total grupo | B8: =Federal_Consolidado!B4 -> 300000 | C8: =Federal_Consolidado!C4 -> 350000 | D8: =Federal_Consolidado!D4 -> 400000
A9: Alíquota efetiva total | B9: =IFERROR(B7/B8,0) -> 0.078624069 | C9: =IFERROR(C7/C8,0) -> 0.085934916 | D9: =IFERROR(D7/D8,0) -> 0.091418052 | E9: Sobre a receita total
A10: Resultado operacional grupo antes dos tributos | B10: =Premissas!B3+Premissas!B7-(Filial_LP!B5+Premissas!B11) -> -10000 | C10: =Premissas!B3+Premissas!B8-(Filial_LP!C5+Premissas!B11) -> 32500 | D10: =Premissas!B3+Premissas!B9-(Filial_LP!D5+Premissas!B11) -> 75000 | E10: Matriz sem despesa adicional na simulação
A11: Resultado após tributos | B11: =B9-B7 -> -23587.142 | C11: =C9-C7 -> -30077.135 | D11: =D9-D7 -> -36567.129

Sheet Notas
A1: Notas
A3: 1. O crédito de ICMS do estoque foi deslocado integralmente para a matriz.
A4: 2. A filial foi tratada como nova abertura no benefício, sem uso do crédito de ICMS do estoque.
A5: 3. PIS, Cofins, IRPJ e CSLL foram consolidados em aba própria, conforme seu pedido.
A6: 4. A matriz permanece com faturamento de 100 mil na simulação anterior.
A7: 5. O dashboard já mostra a carga total do grupo por cenário.
